"key","key3","name","average_residue_mass","percent_buried_residues","v_waals","polarity_ranking","charge","hydrophobicity","helix_propensity"
"A"," Ala","Alanine",71.0788,38,67,9,0,3.9,0
"R"," Arg","Arginine",156.1876,0,148,15,1,3.9,0.21
"N"," Asn","Asparagine",114.1039,10,96,16,0,0.5,0.65
"D"," Asp","Aspartic acid",115.0886,14.5,91,19,-1,-0.9,0.69
"C"," Cys","Cysteine",103.1448,47,86,7,0,8.3,0.68
"E"," Glu","Glutamic acid",129.1155,20,109,18,-1,-0.9,0.4
"Q"," Gln","Glutamine",128.1308,6.3,114,17,0,0.5,0.39
"G"," Gly","Glycine",57.052,37,48,11,0,0,1
"H"," His","Histidine",137.1412,19,118,10,1,3.4,0.61
"I"," Ile","Isoleucine",113.1595,65,124,1,0,22.4,0.41
"L"," Leu","Leucine",113.1595,41,124,3,0,24.2,0.21
"K"," Lys","Lysine",128.1742,4.2,135,20,1,-1.1,0.26
"M"," Met","Methionine",131.1986,50,124,5,0,16.3,0.24
"F"," Phe","Phenylalanine",147.1766,48,135,2,0,29.9,0.54
"P"," Pro","Proline",97.1167,24,90,13,0,9.7,3.16
"S"," Ser","Serine",87.0782,24,73,14,0,0.5,0.5
"T"," Thr","Threonine",101.1051,25,93,12,0,3.9,0.66
"W"," Trp","Tryptophan",186.2133,23,163,6,0,32.9,0.49
"Y"," Tyr","Tyrosine",163.176,13,141,8,0,15.4,0.53
"V"," Val","Valine",99.1326,56,105,4,0,14.4,0.61
